{
  "providers": [
    {
      "type": "bitmap",
      "file": "minecraft:font/hungerf.png",
      "ascent": 8,
      "height": 8,
      "chars": ["①"]
    },
    {
      "type": "bitmap",
      "file": "minecraft:font/hungerh.png",
      "ascent": 8,
      "height": 8,
      "chars": ["②"]
    },
    {
      "type": "bitmap",
      "file": "minecraft:font/saturationf.png",
      "ascent": 8,
      "height": 8,
      "chars": ["③"]
    },
    {
      "type": "bitmap",
      "file": "minecraft:font/saturationh.png",
      "ascent": 8,
      "height": 8,
      "chars": ["④"]
    },
    {
      "type": "bitmap",
      "file": "minecraft:font/hungerf-saturationf.png",
      "ascent": 8,
      "height": 8,
      "chars": ["⑤"]
    },
    {
      "type": "bitmap",
      "file": "minecraft:font/hungerh-saturationh.png",
      "ascent": 8,
      "height": 8,
      "chars": ["⑥"]
    },
    {
      "type": "bitmap",
      "file": "minecraft:font/hungerf-saturationh.png",
      "ascent": 8,
      "height": 8,
      "chars": ["⑦"]
    },
    {
      "type": "bitmap",
      "file": "minecraft:font/saturationf-hungerh.png",
      "ascent": 8,
      "height": 8,
      "chars": ["⑧"]
    },
    {
      "type": "bitmap",
      "file": "minecraft:font/goldh.png",
      "ascent": 8,
      "height": 8,
      "chars": ["⑩"]
    }
  ]
}
