{
	"credit": "Made with Blockbench",
	"ambientocclusion": false,
	"textures": {
		"0": "block/brown_mushroom",
		"particle": "block/brown_mushroom"
	},
	"elements": [
		{
			"from": [1, -3, -6],
			"to": [7, -1, 0],
			"faces": {
				"north": {"uv": [9.5, 6.5, 12.5, 7.5], "texture": "#0"},
				"east": {"uv": [12.5, 6.5, 9.5, 7.5], "texture": "#0"},
				"south": {"uv": [9.5, 6.5, 12.5, 7.5], "texture": "#0"},
				"west": {"uv": [12.5, 6.5, 9.5, 7.5], "texture": "#0"},
				"up": {"uv": [9.5, 3.5, 12.5, 6.5], "texture": "#0"},
				"down": {"uv": [9.5, 3.5, 12.5, 6.5], "texture": "#0"}
			}
		},
		{
			"from": [9, -7, -4],
			"to": [15, -5, 2],
			"faces": {
				"north": {"uv": [9.5, 6.5, 12.5, 7.5], "texture": "#0"},
				"east": {"uv": [12.5, 6.5, 9.5, 7.5], "texture": "#0"},
				"south": {"uv": [9.5, 6.5, 12.5, 7.5], "texture": "#0"},
				"west": {"uv": [9.5, 6.5, 12.5, 7.5], "texture": "#0"},
				"up": {"uv": [9.5, 3.5, 12.5, 6.5], "texture": "#0"},
				"down": {"uv": [9.5, 3.5, 12.5, 6.5], "texture": "#0"}
			}
		},
		{
			"from": [1, -11, -3],
			"to": [7, -9, 3],
			"faces": {
				"north": {"uv": [9.5, 6.5, 12.5, 7.5], "texture": "#0"},
				"east": {"uv": [12.5, 6.5, 9.5, 7.5], "texture": "#0"},
				"south": {"uv": [9.5, 6.5, 12.5, 7.5], "texture": "#0"},
				"west": {"uv": [9.5, 6.5, 12.5, 7.5], "texture": "#0"},
				"up": {"uv": [9.5, 3.5, 12.5, 6.5], "texture": "#0"},
				"down": {"uv": [9.5, 3.5, 12.5, 6.5], "texture": "#0"}
			}
		},
		{
			"from": [8, 0, 8],
			"to": [10, 2, 8],
			"shade": false,
			"rotation": {"angle": 45, "axis": "y", "origin": [8, 8, 8]},
			"faces": {
				"north": {"uv": [11.5, 0.5, 10.5, 1.5], "texture": "#0"},
				"south": {"uv": [10.5, 0.5, 11.5, 1.5], "texture": "#0"}
			}
		},
		{
			"from": [1, 0, 8],
			"to": [3, 2, 8],
			"shade": false,
			"rotation": {"angle": 45, "axis": "y", "origin": [8, 8, 8]},
			"faces": {
				"north": {"uv": [10.5, 0.5, 11.5, 1.5], "texture": "#0"},
				"south": {"uv": [11.5, 0.5, 10.5, 1.5], "texture": "#0"}
			}
		},
		{
			"from": [6.5, 0, 1.5],
			"to": [8.5, 2, 1.5],
			"shade": false,
			"rotation": {"angle": 45, "axis": "y", "origin": [8, 8, 8]},
			"faces": {
				"north": {"uv": [11.5, 0.5, 10.5, 1.5], "texture": "#0"},
				"south": {"uv": [11.5, 0.5, 10.5, 1.5], "texture": "#0"}
			}
		},
		{
			"from": [13, 0, 8],
			"to": [15, 4, 8],
			"shade": false,
			"rotation": {"angle": 45, "axis": "y", "origin": [8, 8, 8]},
			"faces": {
				"north": {"uv": [9, 0.5, 10, 2.5], "texture": "#0"},
				"east": {"uv": [9, 0.5, 10, 2.5], "texture": "#0"},
				"south": {"uv": [10, 0.5, 9, 2.5], "texture": "#0"}
			}
		},
		{
			"from": [6.5, 0, 14.5],
			"to": [8.5, 4, 14.5],
			"shade": false,
			"rotation": {"angle": 45, "axis": "y", "origin": [8, 8, 8]},
			"faces": {
				"north": {"uv": [10, 0.5, 9, 2.5], "texture": "#0"},
				"east": {"uv": [9, 0.5, 10, 2.5], "texture": "#0"},
				"south": {"uv": [9, 0.5, 10, 2.5], "texture": "#0"}
			}
		},
		{
			"from": [4.25, 0, 8],
			"to": [6.25, 4, 8],
			"shade": false,
			"rotation": {"angle": 45, "axis": "y", "origin": [8, 8, 8]},
			"faces": {
				"north": {"uv": [10, 0.5, 9, 2.5], "texture": "#0"},
				"south": {"uv": [9, 0.5, 10, 2.5], "texture": "#0"}
			}
		},
		{
			"from": [14, 0, 8],
			"to": [16, 4, 8],
			"shade": false,
			"rotation": {"angle": -45, "axis": "y", "origin": [8, 8, 8]},
			"faces": {
				"north": {"uv": [9, 0.5, 10, 2.5], "texture": "#0"},
				"south": {"uv": [10, 0.5, 9, 2.5], "texture": "#0"}
			}
		},
		{
			"from": [7.5, 0, 10.25],
			"to": [9.5, 4, 10.25],
			"shade": false,
			"rotation": {"angle": -45, "axis": "y", "origin": [8, 8, 8]},
			"faces": {
				"north": {"uv": [9, 0.5, 10, 2.5], "texture": "#0"},
				"south": {"uv": [10, 0.5, 9, 2.5], "texture": "#0"}
			}
		},
		{
			"from": [7.5, 0, 2.5],
			"to": [9.5, 4, 2.5],
			"shade": false,
			"rotation": {"angle": -45, "axis": "y", "origin": [8, 8, 8]},
			"faces": {
				"north": {"uv": [9, 0.5, 10, 2.5], "texture": "#0"},
				"south": {"uv": [10, 0.5, 9, 2.5], "texture": "#0"}
			}
		},
		{
			"from": [4, 4, 7],
			"to": [9, 4, 12],
			"shade": false,
			"faces": {
				"up": {"uv": [1, 1, 3.5, 3.5], "rotation": 180, "texture": "#0"},
				"down": {"uv": [1, 1, 3.5, 3.5], "rotation": 180, "texture": "#0"}
			}
		},
		{
			"from": [1, 2, 1],
			"to": [6, 2, 6],
			"shade": false,
			"faces": {
				"up": {"uv": [1, 1, 3.5, 3.5], "rotation": 180, "texture": "#0"},
				"down": {"uv": [1, 1, 3.5, 3.5], "rotation": 180, "texture": "#0"}
			}
		},
		{
			"from": [11, 4, 10],
			"to": [15, 4, 14],
			"shade": false,
			"faces": {
				"up": {"uv": [2, 4, 4, 6], "rotation": 180, "texture": "#0"},
				"down": {"uv": [2, 4, 4, 6], "rotation": 180, "texture": "#0"}
			}
		},
		{
			"from": [10, 4, 2],
			"to": [14, 4, 6],
			"shade": false,
			"faces": {
				"up": {"uv": [4, 1, 6, 3], "rotation": 180, "texture": "#0"},
				"down": {"uv": [4, 1, 6, 3], "rotation": 180, "texture": "#0"}
			}
		},
		{
			"from": [2.5, 2, 12],
			"to": [4.5, 2, 14],
			"shade": false,
			"faces": {
				"up": {"uv": [7, 4, 6, 5], "rotation": 90, "texture": "#0"},
				"down": {"uv": [7, 4, 6, 5], "rotation": 90, "texture": "#0"}
			}
		},
		{
			"from": [8, 2, 5.5],
			"to": [10, 2, 7.5],
			"shade": false,
			"faces": {
				"up": {"uv": [4.5, 6, 5.5, 5], "rotation": 270, "texture": "#0"},
				"down": {"uv": [7, 4, 6, 5], "rotation": 90, "texture": "#0"}
			}
		},
		{
			"from": [1, -7, 14],
			"to": [7, -5, 20],
			"faces": {
				"north": {"uv": [9.5, 6.5, 12.5, 7.5], "texture": "#0"},
				"east": {"uv": [12.5, 6.5, 9.5, 7.5], "texture": "#0"},
				"south": {"uv": [9.5, 6.5, 12.5, 7.5], "texture": "#0"},
				"west": {"uv": [12.5, 6.5, 9.5, 7.5], "texture": "#0"},
				"up": {"uv": [9.5, 3.5, 12.5, 6.5], "texture": "#0"},
				"down": {"uv": [9.5, 3.5, 12.5, 6.5], "texture": "#0"}
			}
		},
		{
			"from": [9, -3, 16],
			"to": [15, -1, 22],
			"faces": {
				"north": {"uv": [9.5, 6.5, 12.5, 7.5], "texture": "#0"},
				"east": {"uv": [12.5, 6.5, 9.5, 7.5], "texture": "#0"},
				"south": {"uv": [9.5, 6.5, 12.5, 7.5], "texture": "#0"},
				"west": {"uv": [12.5, 6.5, 9.5, 7.5], "texture": "#0"},
				"up": {"uv": [9.5, 3.5, 12.5, 6.5], "texture": "#0"},
				"down": {"uv": [9.5, 3.5, 12.5, 6.5], "texture": "#0"}
			}
		},
		{
			"from": [9, -11, 14],
			"to": [15, -9, 20],
			"faces": {
				"north": {"uv": [9.5, 6.5, 12.5, 7.5], "texture": "#0"},
				"east": {"uv": [12.5, 6.5, 9.5, 7.5], "texture": "#0"},
				"south": {"uv": [9.5, 6.5, 12.5, 7.5], "texture": "#0"},
				"west": {"uv": [12.5, 6.5, 9.5, 7.5], "texture": "#0"},
				"up": {"uv": [9.5, 3.5, 12.5, 6.5], "texture": "#0"},
				"down": {"uv": [9.5, 3.5, 12.5, 6.5], "texture": "#0"}
			}
		},
		{
			"from": [-4, -7, 1],
			"to": [2, -5, 7],
			"faces": {
				"north": {"uv": [12.5, 6.5, 9.5, 7.5], "texture": "#0"},
				"east": {"uv": [9.5, 6.5, 12.5, 7.5], "texture": "#0"},
				"south": {"uv": [12.5, 6.5, 9.5, 7.5], "texture": "#0"},
				"west": {"uv": [9.5, 6.5, 12.5, 7.5], "texture": "#0"},
				"up": {"uv": [9.5, 3.5, 12.5, 6.5], "rotation": 90, "texture": "#0"},
				"down": {"uv": [9.5, 3.5, 12.5, 6.5], "rotation": 270, "texture": "#0"}
			}
		},
		{
			"from": [-6, -3, 8],
			"to": [0, -1, 14],
			"faces": {
				"north": {"uv": [9.5, 6.5, 12.5, 7.5], "texture": "#0"},
				"east": {"uv": [9.5, 6.5, 12.5, 7.5], "texture": "#0"},
				"south": {"uv": [12.5, 6.5, 9.5, 7.5], "texture": "#0"},
				"west": {"uv": [9.5, 6.5, 12.5, 7.5], "texture": "#0"},
				"up": {"uv": [9.5, 3.5, 12.5, 6.5], "rotation": 90, "texture": "#0"},
				"down": {"uv": [9.5, 3.5, 12.5, 6.5], "rotation": 270, "texture": "#0"}
			}
		},
		{
			"from": [-4, -11, 8],
			"to": [2, -9, 14],
			"faces": {
				"north": {"uv": [9.5, 6.5, 12.5, 7.5], "texture": "#0"},
				"east": {"uv": [9.5, 6.5, 12.5, 7.5], "texture": "#0"},
				"south": {"uv": [12.5, 6.5, 9.5, 7.5], "texture": "#0"},
				"west": {"uv": [9.5, 6.5, 12.5, 7.5], "texture": "#0"},
				"up": {"uv": [9.5, 3.5, 12.5, 6.5], "rotation": 90, "texture": "#0"},
				"down": {"uv": [9.5, 3.5, 12.5, 6.5], "rotation": 270, "texture": "#0"}
			}
		},
		{
			"from": [14, -7, 9],
			"to": [20, -5, 15],
			"faces": {
				"north": {"uv": [9.5, 6.5, 12.5, 7.5], "texture": "#0"},
				"east": {"uv": [9.5, 6.5, 12.5, 7.5], "texture": "#0"},
				"south": {"uv": [12.5, 6.5, 9.5, 7.5], "texture": "#0"},
				"west": {"uv": [9.5, 6.5, 12.5, 7.5], "texture": "#0"},
				"up": {"uv": [9.5, 3.5, 12.5, 6.5], "rotation": 90, "texture": "#0"},
				"down": {"uv": [9.5, 3.5, 12.5, 6.5], "rotation": 270, "texture": "#0"}
			}
		},
		{
			"from": [16, -3, 1],
			"to": [22, -1, 7],
			"faces": {
				"north": {"uv": [9.5, 6.5, 12.5, 7.5], "texture": "#0"},
				"east": {"uv": [9.5, 6.5, 12.5, 7.5], "texture": "#0"},
				"south": {"uv": [12.5, 6.5, 9.5, 7.5], "texture": "#0"},
				"west": {"uv": [9.5, 6.5, 12.5, 7.5], "texture": "#0"},
				"up": {"uv": [9.5, 3.5, 12.5, 6.5], "rotation": 90, "texture": "#0"},
				"down": {"uv": [9.5, 3.5, 12.5, 6.5], "rotation": 270, "texture": "#0"}
			}
		},
		{
			"from": [14, -11, 1],
			"to": [20, -9, 7],
			"faces": {
				"north": {"uv": [9.5, 6.5, 12.5, 7.5], "texture": "#0"},
				"east": {"uv": [9.5, 6.5, 12.5, 7.5], "texture": "#0"},
				"south": {"uv": [12.5, 6.5, 9.5, 7.5], "texture": "#0"},
				"west": {"uv": [9.5, 6.5, 12.5, 7.5], "texture": "#0"},
				"up": {"uv": [9.5, 3.5, 12.5, 6.5], "rotation": 90, "texture": "#0"},
				"down": {"uv": [9.5, 3.5, 12.5, 6.5], "rotation": 270, "texture": "#0"}
			}
		}
	],
	"display": {
		"thirdperson_righthand": {
			"rotation": [75, 45, 0],
			"translation": [0, 2.5, 0],
			"scale": [0.375, 0.375, 0.375]
		},
		"thirdperson_lefthand": {
			"translation": [0, 1.75, 1.5],
			"scale": [0.2, 0.2, 0.2]
		},
		"firstperson_righthand": {
			"rotation": [0, 84, 0],
			"translation": [6.5, 8.5, 0]
		},
		"firstperson_lefthand": {
			"rotation": [0, 84, 0],
			"translation": [9.25, 8.5, 0]
		},
		"ground": {
			"translation": [0, 9.5, 0],
			"scale": [0.4, 0.4, 0.4]
		},
		"gui": {
			"rotation": [30, 135, 0],
			"translation": [0, 6.5, 0],
			"scale": [0.6, 0.6, 0.6]
		},
		"head": {
			"translation": [0, 12.75, 0],
			"scale": [0.8, 0.8, 0.8]
		},
		"fixed": {
			"rotation": [-90, 0, 0],
			"translation": [0, 0, -14],
			"scale": [2, 2, 2]
		}
	},
	"groups": [
		{
			"name": "cross",
			"origin": [8, 8, 8],
			"color": 0,
			"children": [0, 1, 2]
		},
		{
			"name": "brown_mushroom",
			"origin": [8, 8, 8],
			"color": 0,
			"children": [3, 4, 5, 6, 7, 8, 9, 10, 11, 12, 13, 14, 15, 16, 17]
		},
		{
			"name": "cross",
			"origin": [8, 8, 8],
			"color": 0,
			"children": [18, 19, 20]
		},
		{
			"name": "cross",
			"origin": [8, 8, 8],
			"color": 0,
			"children": [21, 22, 23, 24, 25, 26]
		}
	]
}