{
	"credit": "Made with Blockbench",
	"ambientocclusion": false,
	"textures": {
		"0": "block/red_shelf",
		"1": "block/red_mushroom",
		"particle": "block/red_mushroom"
	},
	"elements": [
		{
			"from": [1, -3, -6],
			"to": [7, -1, 0],
			"faces": {
				"north": {"uv": [9.5, 6.5, 12.5, 7.5], "texture": "#0"},
				"east": {"uv": [12.5, 6.5, 9.5, 7.5], "texture": "#0"},
				"south": {"uv": [9.5, 6.5, 12.5, 7.5], "texture": "#0"},
				"west": {"uv": [12.5, 6.5, 9.5, 7.5], "texture": "#0"},
				"up": {"uv": [9.5, 3.5, 12.5, 6.5], "texture": "#0"},
				"down": {"uv": [9.5, 3.5, 12.5, 6.5], "texture": "#0"}
			}
		},
		{
			"from": [9, -7, -4],
			"to": [15, -5, 2],
			"faces": {
				"north": {"uv": [9.5, 6.5, 12.5, 7.5], "texture": "#0"},
				"east": {"uv": [12.5, 6.5, 9.5, 7.5], "texture": "#0"},
				"south": {"uv": [9.5, 6.5, 12.5, 7.5], "texture": "#0"},
				"west": {"uv": [9.5, 6.5, 12.5, 7.5], "texture": "#0"},
				"up": {"uv": [9.5, 3.5, 12.5, 6.5], "texture": "#0"},
				"down": {"uv": [9.5, 3.5, 12.5, 6.5], "texture": "#0"}
			}
		},
		{
			"from": [1, -11, -3],
			"to": [7, -9, 3],
			"faces": {
				"north": {"uv": [9.5, 6.5, 12.5, 7.5], "texture": "#0"},
				"east": {"uv": [12.5, 6.5, 9.5, 7.5], "texture": "#0"},
				"south": {"uv": [9.5, 6.5, 12.5, 7.5], "texture": "#0"},
				"west": {"uv": [9.5, 6.5, 12.5, 7.5], "texture": "#0"},
				"up": {"uv": [9.5, 3.5, 12.5, 6.5], "texture": "#0"},
				"down": {"uv": [9.5, 3.5, 12.5, 6.5], "texture": "#0"}
			}
		},
		{
			"from": [1, -7, 14],
			"to": [7, -5, 20],
			"faces": {
				"north": {"uv": [9.5, 6.5, 12.5, 7.5], "texture": "#0"},
				"east": {"uv": [12.5, 6.5, 9.5, 7.5], "texture": "#0"},
				"south": {"uv": [9.5, 6.5, 12.5, 7.5], "texture": "#0"},
				"west": {"uv": [12.5, 6.5, 9.5, 7.5], "texture": "#0"},
				"up": {"uv": [9.5, 3.5, 12.5, 6.5], "texture": "#0"},
				"down": {"uv": [9.5, 3.5, 12.5, 6.5], "texture": "#0"}
			}
		},
		{
			"from": [9, -3, 16],
			"to": [15, -1, 22],
			"faces": {
				"north": {"uv": [9.5, 6.5, 12.5, 7.5], "texture": "#0"},
				"east": {"uv": [12.5, 6.5, 9.5, 7.5], "texture": "#0"},
				"south": {"uv": [9.5, 6.5, 12.5, 7.5], "texture": "#0"},
				"west": {"uv": [12.5, 6.5, 9.5, 7.5], "texture": "#0"},
				"up": {"uv": [9.5, 3.5, 12.5, 6.5], "texture": "#0"},
				"down": {"uv": [9.5, 3.5, 12.5, 6.5], "texture": "#0"}
			}
		},
		{
			"from": [9, -11, 14],
			"to": [15, -9, 20],
			"faces": {
				"north": {"uv": [9.5, 6.5, 12.5, 7.5], "texture": "#0"},
				"east": {"uv": [12.5, 6.5, 9.5, 7.5], "texture": "#0"},
				"south": {"uv": [9.5, 6.5, 12.5, 7.5], "texture": "#0"},
				"west": {"uv": [12.5, 6.5, 9.5, 7.5], "texture": "#0"},
				"up": {"uv": [9.5, 3.5, 12.5, 6.5], "texture": "#0"},
				"down": {"uv": [9.5, 3.5, 12.5, 6.5], "texture": "#0"}
			}
		},
		{
			"from": [-4, -7, 1],
			"to": [2, -5, 7],
			"faces": {
				"north": {"uv": [12.5, 6.5, 9.5, 7.5], "texture": "#0"},
				"east": {"uv": [9.5, 6.5, 12.5, 7.5], "texture": "#0"},
				"south": {"uv": [12.5, 6.5, 9.5, 7.5], "texture": "#0"},
				"west": {"uv": [9.5, 6.5, 12.5, 7.5], "texture": "#0"},
				"up": {"uv": [9.5, 3.5, 12.5, 6.5], "rotation": 90, "texture": "#0"},
				"down": {"uv": [9.5, 3.5, 12.5, 6.5], "rotation": 270, "texture": "#0"}
			}
		},
		{
			"from": [-6, -3, 8],
			"to": [0, -1, 14],
			"faces": {
				"north": {"uv": [9.5, 6.5, 12.5, 7.5], "texture": "#0"},
				"east": {"uv": [9.5, 6.5, 12.5, 7.5], "texture": "#0"},
				"south": {"uv": [12.5, 6.5, 9.5, 7.5], "texture": "#0"},
				"west": {"uv": [9.5, 6.5, 12.5, 7.5], "texture": "#0"},
				"up": {"uv": [9.5, 3.5, 12.5, 6.5], "rotation": 90, "texture": "#0"},
				"down": {"uv": [9.5, 3.5, 12.5, 6.5], "rotation": 270, "texture": "#0"}
			}
		},
		{
			"from": [-4, -11, 8],
			"to": [2, -9, 14],
			"faces": {
				"north": {"uv": [9.5, 6.5, 12.5, 7.5], "texture": "#0"},
				"east": {"uv": [9.5, 6.5, 12.5, 7.5], "texture": "#0"},
				"south": {"uv": [12.5, 6.5, 9.5, 7.5], "texture": "#0"},
				"west": {"uv": [9.5, 6.5, 12.5, 7.5], "texture": "#0"},
				"up": {"uv": [9.5, 3.5, 12.5, 6.5], "rotation": 90, "texture": "#0"},
				"down": {"uv": [9.5, 3.5, 12.5, 6.5], "rotation": 270, "texture": "#0"}
			}
		},
		{
			"from": [14, -7, 9],
			"to": [20, -5, 15],
			"faces": {
				"north": {"uv": [9.5, 6.5, 12.5, 7.5], "texture": "#0"},
				"east": {"uv": [9.5, 6.5, 12.5, 7.5], "texture": "#0"},
				"south": {"uv": [12.5, 6.5, 9.5, 7.5], "texture": "#0"},
				"west": {"uv": [9.5, 6.5, 12.5, 7.5], "texture": "#0"},
				"up": {"uv": [9.5, 3.5, 12.5, 6.5], "rotation": 90, "texture": "#0"},
				"down": {"uv": [9.5, 3.5, 12.5, 6.5], "rotation": 270, "texture": "#0"}
			}
		},
		{
			"from": [16, -3, 1],
			"to": [22, -1, 7],
			"faces": {
				"north": {"uv": [9.5, 6.5, 12.5, 7.5], "texture": "#0"},
				"east": {"uv": [9.5, 6.5, 12.5, 7.5], "texture": "#0"},
				"south": {"uv": [12.5, 6.5, 9.5, 7.5], "texture": "#0"},
				"west": {"uv": [9.5, 6.5, 12.5, 7.5], "texture": "#0"},
				"up": {"uv": [9.5, 3.5, 12.5, 6.5], "rotation": 90, "texture": "#0"},
				"down": {"uv": [9.5, 3.5, 12.5, 6.5], "rotation": 270, "texture": "#0"}
			}
		},
		{
			"from": [14, -11, 1],
			"to": [20, -9, 7],
			"faces": {
				"north": {"uv": [9.5, 6.5, 12.5, 7.5], "texture": "#0"},
				"east": {"uv": [9.5, 6.5, 12.5, 7.5], "texture": "#0"},
				"south": {"uv": [12.5, 6.5, 9.5, 7.5], "texture": "#0"},
				"west": {"uv": [9.5, 6.5, 12.5, 7.5], "texture": "#0"},
				"up": {"uv": [9.5, 3.5, 12.5, 6.5], "rotation": 90, "texture": "#0"},
				"down": {"uv": [9.5, 3.5, 12.5, 6.5], "rotation": 270, "texture": "#0"}
			}
		},
		{
			"from": [0.8, 0, 8],
			"to": [15.2, 16, 8],
			"shade": false,
			"rotation": {"angle": 45, "axis": "y", "origin": [8, 8, 8], "rescale": true},
			"faces": {
				"north": {"uv": [0, 0, 16, 16], "texture": "#1"},
				"south": {"uv": [0, 0, 16, 16], "texture": "#1"}
			}
		},
		{
			"from": [8, 0, 0.8],
			"to": [8, 16, 15.2],
			"shade": false,
			"rotation": {"angle": 45, "axis": "y", "origin": [8, 8, 8], "rescale": true},
			"faces": {
				"east": {"uv": [0, 0, 16, 16], "texture": "#1"},
				"west": {"uv": [0, 0, 16, 16], "texture": "#1"}
			}
		}
	],
	"display": {
		"thirdperson_righthand": {
			"rotation": [75, 45, 0],
			"translation": [0, 2.5, 0],
			"scale": [0.375, 0.375, 0.375]
		},
		"thirdperson_lefthand": {
			"translation": [0, 1.75, 1.5],
			"scale": [0.2, 0.2, 0.2]
		},
		"firstperson_righthand": {
			"rotation": [0, 84, 0],
			"translation": [6.5, 8.5, 0]
		},
		"firstperson_lefthand": {
			"rotation": [0, 84, 0],
			"translation": [9.25, 8.5, 0]
		},
		"ground": {
			"translation": [0, 9.5, 0],
			"scale": [0.4, 0.4, 0.4]
		},
		"gui": {
			"rotation": [30, 135, 0],
			"translation": [0, 6.5, 0],
			"scale": [0.6, 0.6, 0.6]
		},
		"head": {
			"translation": [0, 12.75, 0],
			"scale": [0.8, 0.8, 0.8]
		},
		"fixed": {
			"rotation": [-90, 0, 0],
			"translation": [0, 0, -14],
			"scale": [2, 2, 2]
		}
	},
	"groups": [
		{
			"name": "cross",
			"origin": [8, 8, 8],
			"color": 0,
			"children": [0, 1, 2]
		},
		{
			"name": "brown_mushroom",
			"origin": [8, 8, 8],
			"color": 0,
			"children": []
		},
		{
			"name": "cross",
			"origin": [8, 8, 8],
			"color": 0,
			"children": [3, 4, 5]
		},
		{
			"name": "cross",
			"origin": [8, 8, 8],
			"color": 0,
			"children": [6, 7, 8, 9, 10, 11]
		},
		{
			"name": "cross",
			"origin": [8, 8, 8],
			"color": 0,
			"children": [12, 13]
		}
	]
}