{
  "type": "minecraft:overworld",
  "generator": {
    "type": "minecraft:noise",
    "settings": "minecraft:overworld",
    "biome_source": {
      "type": "minecraft:multi_noise",
      "biomes": [
        {
          "biome": "minecraft:lush_caves",
          "parameters": {
            "temperature": 0,
            "humidity": 0,
            "continentalness": 0,
            "erosion": 0,
            "weirdness": 0.25,
            "depth": 0,
            "offset": 0
          }
        },
        {
          "biome": "terralith:cave/andesite_caves",
          "parameters": {
            "temperature": 0,
            "humidity": 0,
            "continentalness": 0,
            "erosion": 0,
            "weirdness": 0.25,
            "depth": 0,
            "offset": 0
          }
        },
        {
          "biome": "terralith:cave/desert_caves",
          "parameters": {
            "temperature": 0.5,
            "humidity": 0.5,
            "continentalness": 0,
            "erosion": 0,
            "weirdness": 0.25,
            "depth": 0,
            "offset": 0
          }
        },
        {
          "biome": "terralith:cave/diorite_caves",
          "parameters": {
            "temperature": 0.3,
            "humidity": -0.2,
            "continentalness": 0,
            "erosion": 0,
            "weirdness": 0.25,
            "depth": 0,
            "offset": 0
          }
        },
        {
          "biome": "terralith:cave/fungal_caves",
          "parameters": {
            "temperature": 0.4,
            "humidity": 0.1,
            "continentalness": 0,
            "erosion": 0,
            "weirdness": 0.25,
            "depth": 0,
            "offset": 0
          }
        },
        {
          "biome": "terralith:cave/granite_caves",
          "parameters": {
            "temperature": 0,
            "humidity": -0.1,
            "continentalness": 0,
            "erosion": 0,
            "weirdness": 0.25,
            "depth": 0,
            "offset": 0
          }
        },
        {
          "biome": "terralith:cave/underground_jungle",
          "parameters": {
            "temperature": -0.4,
            "humidity": -0.1,
            "continentalness": 0,
            "erosion": 0,
            "weirdness": 0.25,
            "depth": 0,
            "offset": 0
          }
        },
        {
          "biome": "regions_unexplored:bioshroom_caves",
          "parameters": {
            "temperature": 0.1,
            "humidity": 0.1,
            "continentalness": 0,
            "erosion": 0,
            "weirdness": 0,
            "depth": 0,
            "offset": 0
          }
        },
        {
          "biome": "regions_unexplored:redstone_caves",
          "parameters": {
            "temperature": -0.4,
            "humidity": 0.2,
            "continentalness": 0,
            "erosion": 0,
            "weirdness": 0.2,
            "depth": 0,
            "offset": 0
          }
        },
        {
          "biome": "regions_unexplored:mycotoxic_undergrowth",
          "parameters": {
            "temperature": 0.4,
            "humidity": 0.4,
            "continentalness": 0,
            "erosion": 0,
            "weirdness": 0.4,
            "depth": 0,
            "offset": 0
          }
        },
        {
          "biome": "regions_unexplored:prismachasm",
          "parameters": {
            "temperature": 0.1,
            "humidity": 0.1,
            "continentalness": 0,
            "erosion": 0,
            "weirdness": 0.7,
            "depth": 0,
            "offset": 0
          }
        },
        {
          "biome": "terralith:cave/infested_caves",
          "parameters": {
            "temperature": 0.3,
            "humidity": -0.2,
            "continentalness": 0,
            "erosion": 0,
            "weirdness": 0.25,
            "depth": 0,
            "offset": 0
          }
        },
        {
          "biome": "terralith:cave/thermal_caves",
          "parameters": {
            "temperature": 0.6,
            "humidity": -0.6,
            "continentalness": 0,
            "erosion": 0,
            "weirdness": 0.25,
            "depth": 0,
            "offset": 0
          }
        },
        {
          "biome": "terralith:cave/ice_caves",
          "parameters": {
            "temperature": 0.2,
            "humidity": 0.2,
            "continentalness": 0,
            "erosion": 0,
            "weirdness": 0.35,
            "depth": 0,
            "offset": 0
          }
        },
        {
          "biome": "cave_enhancements:goop_caves",
          "parameters": {
            "temperature": 0,
            "humidity": -0.2,
            "continentalness": 0,
            "erosion": 0,
            "weirdness": 0.15,
            "depth": 0,
            "offset": 0
          }
        },
        {
          "biome": "cave_enhancements:rose_quartz_caves",
          "parameters": {
            "temperature": 0,
            "humidity": 0.5,
            "continentalness": 0,
            "erosion": 0,
            "weirdness": 0.45,
            "depth": 0,
            "offset": 0
          }
        },
        {
          "biome": "galosphere:lichen_caves",
          "parameters": {
            "temperature": 0,
            "humidity": 0,
            "continentalness": 0,
            "erosion": 0,
            "weirdness": -0.1,
            "depth": 0,
            "offset": 0
          }
        },
        {
          "biome": "minecraft:dripstone_caves",
          "parameters": {
            "temperature": 0,
            "humidity": 0.5,
            "continentalness": 0,
            "erosion": 0,
            "weirdness": -0.25,
            "depth": 0,
            "offset": 0
          }
        },
        {
          "biome": "minecraft:deep_dark",
          "parameters": {
            "temperature": 0,
            "humidity": -0.75,
            "continentalness": 0,
            "erosion": 0,
            "weirdness": 0.2,
            "depth": 0,
            "offset": 0
          }
        }
      ]
    }
  }
}
